Week,Date,Monday,Time,Tuesday,Time,Wednesday,Thursday,Time,Friday,Saturday,Time,Sunday,Weight,Total Miles,Total Time
1,1/5/2026,2 Miles Easy,30:00:00,3 Miles,36:00:00,Rest,"Nike 1,2,3 Go",30:00:00,Rest,4 Miles,60:00:00,Rest,267,10.5,2:36:00
2,1/12/2026,2 Miles Easy,26:00:00,3 Miles,39:45:00,Rest,One Hard Two Easy,30:00:00,Rest,5 Miles,72:00:00,Rest,N/A,12.15,2:47:45
3,1/19/2026,2 Miles Easy,30:00:00,3 Miles,42:56:00,Rest,"No Time, Go Time",20:00:00,Rest,6.2 Miles,88:19:00,Rest,N/A,13.2,3:01:15
4,1/26/2026,2 Miles Easy,28:00:00,3 Miles,43:00:00,Rest,Triple Sevens,33:00:00,Rest,7 Miles,102:00:00,Rest,263,14.6,3:26:00
5,2/2/2026,3 Miles Easy,44:00:00,4 Miles,58:00:00,Rest,The Run Down (3.1),40:00:00,Rest,8 Miles,115:00:00,Rest,N/A,18.1,4:17:00
6,2/9/2026,3 Miles Easy,40:00:00,4 Miles,54:00:00,Rest,Sneaky Speed (2.25),29:00:00,Rest,6.2 Miles,88:00:00,Rest,N/A,15.5,3:31:00
7,2/16/2026,3 Miles Easy,42:00:00,4 Miles,54:00:00,Rest,Run Fast. Repeat (3.00),37:30:00,Rest,9 Miles,126:00:00,Rest,N/A,19,4:19:30
8,2/23/2026,3 Miles Easy,41:50:00,5 Miles,72:00:00,Rest,N/A,0,10 Miles,Rest,139:35:00,Rest,N/A,18,4:13:25
9,3/2/2026,3 Miles Easy,41:00:00,5 Miles,72:00:00,Rest,Power Pyramid (2.8),37:00:00,Rest,11 Miles,151:31:31,Rest,N/A,22,5:01:32
10,3/9/2026,3 Miles Easy,40:20:00,6 Miles,77:21:00,Rest,Dueces (3.05),36:44:00,Rest,12.1 Miles,168:00:00,Rest,N/A,24.2,5:22:25
11,3/16/2026,3 Miles Easy,42:31:00,6.2 Miles,77:17:00,Rest,Rock and Roller (2.6),33:25:00,Rest,Rest,66:47:00,Shamrock Shuffle 5 Miles,N/A,16.8,3:40:00
12,3/23/2026,3 Miles Easy,39:17:00,6.2 Miles,80:14:00,Rest,N/A,0,Rest,13.1 Miles,177:02:00,Rest,N/A,22.3,4:56:33
13,3/30/2026,3 Miles Easy,39:13:00,7 Miles,91:06:00,Rest,N/A,0,Rest,14 Miles,191:45:00,Rest,N/A,24,5:22:04
14,4/6/2026,3 Miles Easy,39:10:00,5 Miles,64:07:00,Rest,90s (2.54),31:32:00,Rest,15.1 Miles,203:13:00,Rest,255,25.2,5:38:02
15,4/13/2026,2 Miles Easy,25:18:00,5 Miles,62:14:00,Rest,5x5x10k Pace Run (3.25),39:48:00,Rest,9 Miles,127:43:00,Rest,N/A,19.25,4:15:03
16,4/20/2026,3 Miles Easy,38:36:00,4 Miles,51:36:00,Rest,N/A,0,Rest,13.1 - Cham Half,164:12:00,Rest,251,20.1,4:14:24
17,4/27/2026,3 Miles Easy,40:15:00,Rest,0,Rest,Norwegian 4x4 (3.28),40:00:00,Rest,5 Miles,66:36:00,Rest,N/A,11.28,2:26:51
18,5/4/2026,3 Miles Easy,38:59:00,5 Miles,62:45:00,Rest,Norwegian 4x4 (3.36),41:10:00,Rest,13.1 Miles,169:51:00,Rest,N/A,24.46,5:12:45
19,5/11/2026,2 Miles,25:47:00,5 Miles,63:25:00,Rest,Rest (Sick),0,Rest,14 Miles,188:37:00,Rest,N/A,21,4:37:49
20,5/18/2026,3 Miles,37:57:00,5 Miles,59:32:00,Rest,Norwegian 4x4 (3.39),40:01:00,Rest,15 Miles,201:23:00,Rest,N/A,26.39,5:38:53
21,5/25/2026,3 Miles,38:12:00,5 Miles,61:52:00,Rest,Rest (Travel),0,Rest,9 Miles,111:16:00,Rest,N/A,17,3:31:20
22,6/1/2026,3 Miles,39:06:00,Norwegian 4x4 (4.0),47:35:00,Rest,Rest,0,Rest,13.1 Miles,175:05:00,Chicago Half Marathon,246,20.1,4:21:46
23,6/8/2026,2 Miles,26:28:00,5 Miles,62:34:00,Rest,Rest,0,Rest,Rest,0,Rest,N/A,7,1:29:02
24,6/15/2026,Vacation,0,Vacation,0,Rest,Vacation,0,Rest,9 Miles,122:43:00,Rest,N/A,9,2:02:43
25,6/22/2026,3 Miles Easy,36:43:00,5 Miles,58:39:00,Rest,5 Miles,60:46:00,Rest,9 Miles,122:02:00,Rest,N/A,22,4:38:10
26,6/29/2026,3 Miles Easy,38:05:00,6 Miles,76:10:00,Rest,5 Miles (100 Heat Index),64:24:00,Rest,9 Miles,127:28:00,Rest,N/A,23,5:06:07
27,7/6/2026,4 Miles Easy,50:38:00,6.2 Miles,78:25:00,Rest,6.2 Miles,82:12:00,Rest,11 Miles,149:42:00,Rest,N/A,27.4,6:00:57
28,7/13/2026,4 Miles Easy,51:08:00,6 Miles,75:01:00,Rest,6 Miles,73:28:00,Rest,10 Miles,137:04:00,Rest,N/A,26,5:36:41
29,7/20/2026,4 Miles Easy,54:05:00,7 Miles,90:38:00,Rest,6 Miles (2 Miles @ MP),70:33:00,Rest,13.1 Miles,186:58:00,Rest,N/A,30.1,6:42:14
30,7/27/2026,4 Miles Easy,57:56:00,7 Miles,89:01:00,Rest,6 Miles (3 Miles @ MP),0:00:00,Rest,14 Miles,182:08:00,Rest,N/A,25,5:29:05
31,8/3/2026,4 Miles Easy,0:00:00,8 Miles,0:00:00,Rest,7 Miles (3 Miles @ MP),90:32:00,Rest,16 Miles,233:33:00,Rest,N/A,23,5:24:05
32,8/10/2026,4 Miles Easy,52:29:00,Hill Repeats (8 Miles with 8 Repeats),103:42:00,Rest,7 Miles (4 Miles @ MP),84:09:00,Rest,0 Miles BIG STORM,0,Rest,N/A,21,4:00:20
33,8/17/2026,4 Miles Easy,49:02:00,Mile Repeats (8 Miles with 3 x 1 Mile),95:57:00,Rest,9 Miles (6 Miles @ MP),111:04:00,Rest,18 Miles,235:24:00,Rest,N/A,39,8:11:27
34,8/24/2026,4 Miles Easy,51:13:00,Yasso 800's (9 Miles with 4 x 800),,Rest,10 Miles (7 Miles @ MP),,Rest,20 Miles,,,,,0:51:13
35,8/31/2026,4 Miles Easy,,9 Miles Easy,,Rest,10 Miles (8 Miles @ MP),,Rest,20 Miles,,,,,0
36,9/7/2026,4 Miles Easy,,Mile Repeats (8 Miles with 4 x 1 Mile),,Rest,7 Miles (5 Miles @ MP),,Rest,15 Miles,,,,,0
37,9/14/2026,5 Miles Easy,,Yasso 800's (10 Miles with 6 x 800),,Rest,10 Miles (8 Miles @ MP),,Rest,22 Miles,,,,,
38,9/21/2026,5 Miles Easy,,Mile Repeats (9 Miles 3 x 1 Mile),,Rest,9 Miles (4 Miles @ MP),,Rest,16 Miles,,,,,
39,9/28/2026,4 Miles Easy,,6 Miles,,Rest,6 Miles (3 Miles @ MP),,Rest,12 Miles,,,,,
40,10/5/2026,4 Miles Easy,,Rest,,Rest,3 Miles Easy,,Rest,Rest,,Chicago Marathon,,,
,,,,,,,,,,,,,,Total Miles,Total Time
,,,,,,,,,,,,,,667.63,148:03:26